18:23, Thursday, August 05, 2021
Study name:Static 1
Units: mm
Selected reference : N/A
Node  ,X(mm)  ,Y(mm)  ,Z(mm)  ,URES(mm)
9019  ,-192.5  ,-192.5  ,4  ,3.26861e-01
15831  ,-192.5  ,-192.5  ,2  ,3.26626e-01
15823  ,-183.75  ,-192.5  ,4  ,3.26594e-01
9018  ,-192.5  ,-192.5  ,0  ,3.26394e-01
15822  ,-183.75  ,-192.5  ,2  ,3.26358e-01
9086  ,-175  ,-192.5  ,4  ,3.26326e-01
15829  ,-183.75  ,-192.5  ,0  ,3.26125e-01
15397  ,-175  ,-192.5  ,2  ,3.26090e-01
15403  ,-166.25  ,-192.5  ,4  ,3.26059e-01
9087  ,-175  ,-192.5  ,0  ,3.25857e-01
15396  ,-166.25  ,-192.5  ,2  ,3.25822e-01
9085  ,-157.5  ,-192.5  ,4  ,3.25792e-01
15821  ,-190.512  ,-190.478  ,2  ,3.25685e-01
15828  ,-192.538  ,-192.387  ,-6.33333  ,3.25624e-01
15390  ,-166.25  ,-192.5  ,0  ,3.25588e-01
15402  ,-157.5  ,-192.5  ,2  ,3.25555e-01
15411  ,-148.75  ,-192.5  ,4  ,3.25526e-01
15827  ,-190.512  ,-190.478  ,0  ,3.25451e-01
15392  ,-181.762  ,-190.478  ,2  ,3.25417e-01
15389  ,-183.769  ,-192.387  ,-6.33333  ,3.25354e-01
9088  ,-157.5  ,-192.5  ,0  ,3.25320e-01
15401  ,-148.75  ,-192.5  ,2  ,3.25288e-01
9084  ,-140  ,-192.5  ,4  ,3.25260e-01
15386  ,-181.762  ,-190.478  ,0  ,3.25183e-01
15393  ,-172.932  ,-190.478  ,2  ,3.25145e-01
15384  ,-148.75  ,-192.5  ,0  ,3.25052e-01
15410  ,-140  ,-192.5  ,2  ,3.25021e-01
15419  ,-131.25  ,-192.5  ,4  ,3.24995e-01
9437  ,-192.538  ,-192.387  ,-12.6667  ,3.24927e-01
15387  ,-172.932  ,-190.478  ,0  ,3.24911e-01
15398  ,-164.182  ,-190.478  ,2  ,3.24876e-01
9089  ,-140  ,-192.5  ,0  ,3.24784e-01
15409  ,-131.25  ,-192.5  ,2  ,3.24755e-01
9083  ,-122.5  ,-192.5  ,4  ,3.24731e-01
15388  ,-175.018  ,-192.387  ,-9.5  ,3.24731e-01
15826  ,-190.512  ,-190.478  ,-6.33333  ,3.24728e-01
15380  ,-164.182  ,-190.478  ,0  ,3.24641e-01
15399  ,-155.353  ,-190.478  ,2  ,3.24605e-01
15378  ,-131.25  ,-192.5  ,0  ,3.24517e-01
9687  ,-188.524  ,-188.456  ,0  ,3.24509e-01
15418  ,-122.5  ,-192.5  ,2  ,3.24490e-01
15427  ,-113.75  ,-192.5  ,4  ,3.24467e-01
15382  ,-166.269  ,-192.387  ,-9.5  ,3.24459e-01
15385  ,-181.762  ,-190.478  ,-6.33333  ,3.24458e-01
15381  ,-155.353  ,-190.478  ,0  ,3.24369e-01
15405  ,-146.603  ,-190.478  ,2  ,3.24336e-01
13361  ,-183.787  ,-192.387  ,-15.8333  ,3.24315e-01
13362  ,-192.538  ,-192.387  ,-19  ,3.24254e-01
9090  ,-122.5  ,-192.5  ,0  ,3.24251e-01
12313  ,-179.694  ,-188.456  ,0  ,3.24238e-01
15417  ,-113.75  ,-192.5  ,2  ,3.24224e-01
9082  ,-105  ,-192.5  ,4  ,3.24203e-01
15383  ,-157.518  ,-192.387  ,-9.5  ,3.24187e-01
15374  ,-146.603  ,-190.478  ,0  ,3.24099e-01
15406  ,-137.773  ,-190.478  ,2  ,3.24065e-01
13359  ,-190.531  ,-190.422  ,-12.6667  ,3.24005e-01
15372  ,-113.75  ,-192.5  ,0  ,3.23984e-01
9686  ,-170.864  ,-188.456  ,0  ,3.23965e-01
15426  ,-105  ,-192.5  ,2  ,3.23959e-01
15434  ,-96.25  ,-192.5  ,4  ,3.23938e-01
15376  ,-148.768  ,-192.387  ,-9.5  ,3.23915e-01
15375  ,-137.773  ,-190.478  ,0  ,3.23827e-01
13111  ,-172.95  ,-190.422  ,-9.5  ,3.23806e-01
15413  ,-129.023  ,-190.478  ,2  ,3.23797e-01
12307  ,-188.524  ,-188.456  ,-6.33333  ,3.23784e-01
9091  ,-105  ,-192.5  ,0  ,3.23718e-01
9481  ,-175.036  ,-192.387  ,-19  ,3.23707e-01
15425  ,-96.25  ,-192.5  ,2  ,3.23694e-01
12318  ,-162.035  ,-188.456  ,0  ,3.23691e-01
9081  ,-87.5  ,-192.5  ,4  ,3.23675e-01
13355  ,-183.787  ,-192.387  ,-22.1667  ,3.23652e-01
15377  ,-140.018  ,-192.387  ,-9.5  ,3.23643e-01
9438  ,-192.538  ,-192.387  ,-25.3333  ,3.23604e-01
15368  ,-129.023  ,-190.478  ,0  ,3.23558e-01
15414  ,-120.193  ,-190.478  ,2  ,3.23527e-01
12310  ,-179.694  ,-188.456  ,-6.33333  ,3.23511e-01
15366  ,-96.25  ,-192.5  ,0  ,3.23451e-01
13117  ,-166.286  ,-192.387  ,-19  ,3.23432e-01
15433  ,-87.5  ,-192.5  ,2  ,3.23430e-01
9685  ,-153.205  ,-188.456  ,0  ,3.23417e-01
15379  ,-159.548  ,-190.478  ,-9.5  ,3.23412e-01
15442  ,-78.75  ,-192.5  ,4  ,3.23411e-01
13110  ,-181.78  ,-190.422  ,-15.8333  ,3.23391e-01
15370  ,-131.268  ,-192.387  ,-9.5  ,3.23371e-01
13358  ,-190.531  ,-190.422  ,-19  ,3.23329e-01
15369  ,-120.193  ,-190.478  ,0  ,3.23287e-01
15421  ,-111.443  ,-190.478  ,2  ,3.23259e-01
13115  ,-155.37  ,-190.422  ,-9.5  ,3.23257e-01
9092  ,-87.5  ,-192.5  ,0  ,3.23186e-01
15432  ,-78.75  ,-192.5  ,2  ,3.23165e-01
9480  ,-157.535  ,-192.387  ,-19  ,3.23157e-01
9080  ,-70  ,-192.5  ,4  ,3.23148e-01
12323  ,-144.376  ,-188.456  ,0  ,3.23144e-01
15371  ,-122.517  ,-192.387  ,-9.5  ,3.23100e-01
9900  ,-188.524  ,-188.456  ,-12.6667  ,3.23082e-01
15825  ,-192.5  ,-183.75  ,4  ,3.23054e-01
15362  ,-111.443  ,-190.478  ,0  ,3.23018e-01
15422  ,-102.614  ,-190.478  ,2  ,3.22990e-01
13357  ,-192.538  ,-192.387  ,-31.6667  ,3.22978e-01
15360  ,-78.75  ,-192.5  ,0  ,3.22922e-01
15441  ,-70  ,-192.5  ,2  ,3.22902e-01
15448  ,-61.25  ,-192.5  ,4  ,3.22885e-01
13122  ,-148.784  ,-192.387  ,-19  ,3.22881e-01
9684  ,-135.546  ,-188.456  ,0  ,3.22869e-01
15373  ,-141.821  ,-190.478  ,-9.5  ,3.22858e-01
15364  ,-113.767  ,-192.387  ,-9.5  ,3.22828e-01
15824  ,-192.5  ,-183.697  ,2  ,3.22793e-01
15818  ,-183.75  ,-183.75  ,4  ,3.22786e-01
15363  ,-102.614  ,-190.478  ,0  ,3.22748e-01
13346  ,-175.036  ,-192.387  ,-28.5  ,3.22736e-01
12309  ,-166.23  ,-188.456  ,-9.5  ,3.22735e-01
13109  ,-181.78  ,-190.422  ,-22.1667  ,3.22725e-01
15428  ,-93.8639  ,-190.478  ,2  ,3.22723e-01
13120  ,-137.79  ,-190.422  ,-9.5  ,3.22707e-01
13356  ,-183.787  ,-192.387  ,-31.6667  ,3.22702e-01
13351  ,-190.531  ,-190.422  ,-25.3333  ,3.22677e-01
9093  ,-70  ,-192.5  ,0  ,3.22659e-01
15440  ,-61.25  ,-192.5  ,2  ,3.22639e-01
13108  ,-168.316  ,-190.422  ,-19  ,3.22632e-01
9079  ,-52.5  ,-192.5  ,4  ,3.22620e-01
9479  ,-140.034  ,-192.387  ,-19  ,3.22605e-01
12328  ,-126.717  ,-188.456  ,0  ,3.22596e-01
15365  ,-105.017  ,-192.387  ,-9.5  ,3.22557e-01
15830  ,-192.5  ,-183.641  ,0  ,3.22533e-01
15356  ,-93.8639  ,-190.478  ,0  ,3.22480e-01
13340  ,-166.286  ,-192.387  ,-28.5  ,3.22459e-01
12314  ,-157.4  ,-188.456  ,-9.5  ,3.22458e-01
15429  ,-85.0343  ,-190.478  ,2  ,3.22456e-01
11374  ,-188.524  ,-188.456  ,-19  ,3.22404e-01
15354  ,-61.25  ,-192.5  ,0  ,3.22396e-01
9439  ,-192.538  ,-192.387  ,-38  ,3.22376e-01
15447  ,-52.5  ,-192.5  ,2  ,3.22374e-01
13113  ,-159.565  ,-190.422  ,-19  ,3.22355e-01
15455  ,-43.75  ,-192.5  ,4  ,3.22355e-01
15394  ,-175  ,-183.333  ,4  ,3.22335e-01
13127  ,-131.283  ,-192.387  ,-19  ,3.22329e-01
9683  ,-117.887  ,-188.456  ,0  ,3.22322e-01
11372  ,-175.059  ,-188.456  ,-15.8333  ,3.22318e-01
15367  ,-124.095  ,-190.478  ,-9.5  ,3.22303e-01
15358  ,-96.2669  ,-192.387  ,-9.5  ,3.22288e-01
15357  ,-85.0343  ,-190.478  ,0  ,3.22213e-01
15436  ,-76.2843  ,-190.478  ,2  ,3.22192e-01
13341  ,-157.535  ,-192.387  ,-28.5  ,3.22181e-01
12315  ,-148.424  ,-188.456  ,-9.5  ,3.22175e-01
13125  ,-120.21  ,-190.422  ,-9.5  ,3.22157e-01
9094  ,-52.5  ,-192.5  ,0  ,3.22131e-01
15446  ,-43.75  ,-192.5  ,2  ,3.22109e-01
13350  ,-183.787  ,-192.387  ,-38  ,3.22098e-01
9078  ,-35  ,-192.5  ,4  ,3.22089e-01
13114  ,-150.589  ,-190.422  ,-19  ,3.22071e-01
15395  ,-166.25  ,-183.333  ,4  ,3.22062e-01
9478  ,-122.533  ,-192.387  ,-19  ,3.22054e-01
12332  ,-109.057  ,-188.456  ,0  ,3.22049e-01
13352  ,-190.531  ,-190.422  ,-31.6667  ,3.22049e-01
15359  ,-87.5163  ,-192.387  ,-9.5  ,3.22020e-01
15349  ,-76.2843  ,-190.478  ,0  ,3.21948e-01
13334  ,-148.784  ,-192.387  ,-28.5  ,3.21902e-01
12319  ,-139.594  ,-188.456  ,-9.5  ,3.21897e-01
15815  ,-190.512  ,-181.728  ,2  ,3.21876e-01
15344  ,-43.75  ,-192.5  ,0  ,3.21865e-01
15454  ,-35  ,-192.5  ,2  ,3.21842e-01
9440  ,-175.036  ,-192.387  ,-38  ,3.21820e-01
15462  ,-26.25  ,-192.5  ,4  ,3.21817e-01
15554  ,-192.538  ,-183.641  ,-6.33333  ,3.21805e-01
13112  ,-172.804  ,-190.422  ,-28.5  ,3.21799e-01
13118  ,-141.838  ,-190.422  ,-19  ,3.21793e-01
15400  ,-157.5  ,-183.333  ,4  ,3.21788e-01
13131  ,-113.782  ,-192.387  ,-19  ,3.21778e-01
9682  ,-100.228  ,-188.456  ,0  ,3.21777e-01
13343  ,-181.78  ,-190.422  ,-31.6667  ,3.21772e-01
15351  ,-78.7665  ,-192.387  ,-9.5  ,3.21754e-01
15361  ,-106.369  ,-190.478  ,-9.5  ,3.21750e-01
9901  ,-188.524  ,-188.456  ,-25.3333  ,3.21750e-01
15435  ,-60.2843  ,-190.478  ,2  ,3.21711e-01
11370  ,-175.059  ,-188.456  ,-22.1667  ,3.21649e-01
13335  ,-140.034  ,-192.387  ,-28.5  ,3.21622e-01
15551  ,-190.512  ,-181.675  ,0  ,3.21617e-01
12320  ,-130.618  ,-188.456  ,-9.5  ,3.21613e-01
13129  ,-102.63  ,-190.422  ,-9.5  ,3.21609e-01
9095  ,-35  ,-192.5  ,0  ,3.21598e-01
15453  ,-26.25  ,-192.5  ,2  ,3.21571e-01
9987  ,-161.595  ,-188.456  ,-19  ,3.21554e-01
9077  ,-17.5  ,-192.5  ,4  ,3.21542e-01
13347  ,-166.286  ,-192.387  ,-38  ,3.21540e-01
15407  ,-148.75  ,-183.333  ,4  ,3.21514e-01
15391  ,-181.762  ,-181.502  ,2  ,3.21508e-01
13119  ,-132.862  ,-190.422  ,-19  ,3.21508e-01
12334  ,-91.3982  ,-188.456  ,0  ,3.21506e-01
9477  ,-105.031  ,-192.387  ,-19  ,3.21504e-01
15352  ,-70.0159  ,-192.387  ,-9.5  ,3.21489e-01
15348  ,-60.2843  ,-190.478  ,0  ,3.21467e-01
15443  ,-51.5343  ,-190.478  ,2  ,3.21446e-01
13348  ,-190.531  ,-190.422  ,-38  ,3.21445e-01
13337  ,-159.565  ,-190.422  ,-28.5  ,3.21377e-01
13328  ,-131.283  ,-192.387  ,-28.5  ,3.21343e-01
13135  ,-93.8789  ,-190.422  ,-9.5  ,3.21339e-01
12324  ,-121.789  ,-188.456  ,-9.5  ,3.21335e-01
15340  ,-26.25  ,-192.5  ,0  ,3.21326e-01
15461  ,-17.5  ,-192.5  ,2  ,3.21295e-01
11247  ,-152.619  ,-188.456  ,-19  ,3.21268e-01
15469  ,-8.75  ,-192.5  ,4  ,3.21263e-01
9441  ,-157.535  ,-192.387  ,-38  ,3.21259e-01
9681  ,-82.5686  ,-188.456  ,0  ,3.21239e-01
13116  ,-155.077  ,-190.422  ,-28.5  ,3.21233e-01
13137  ,-96.2806  ,-192.387  ,-19  ,3.21231e-01
13123  ,-124.111  ,-190.422  ,-19  ,3.21230e-01
15342  ,-61.2661  ,-192.387  ,-9.5  ,3.21225e-01
15355  ,-85.0343  ,-190.478  ,-8.5  ,3.21207e-01
15341  ,-51.5343  ,-190.478  ,0  ,3.21202e-01
15449  ,-42.7843  ,-190.478  ,2  ,3.21180e-01
13345  ,-181.78  ,-190.422  ,-38  ,3.21167e-01
14203  ,-172.932  ,-181.312  ,2  ,3.21151e-01
12590  ,-188.524  ,-188.456  ,-31.6667  ,3.21120e-01
15408  ,-140  ,-183.041  ,4  ,3.21112e-01
13329  ,-122.533  ,-192.387  ,-28.5  ,3.21064e-01
12325  ,-112.812  ,-188.456  ,-9.5  ,3.21053e-01
9096  ,-17.5  ,-192.5  ,0  ,3.21051e-01
15460  ,-8.74999  ,-192.5  ,2  ,3.21016e-01
9986  ,-143.643  ,-188.456  ,-19  ,3.20982e-01
9076  ,0  ,-192.5  ,4  ,3.20980e-01
13342  ,-148.784  ,-192.387  ,-38  ,3.20977e-01
9476  ,-87.53  ,-192.387  ,-19  ,3.20961e-01
15343  ,-52.5155  ,-192.387  ,-9.5  ,3.20959e-01
13124  ,-115.135  ,-190.422  ,-19  ,3.20946e-01
15347  ,-76.2843  ,-190.478  ,-8.5  ,3.20942e-01
15336  ,-42.7843  ,-190.478  ,0  ,3.20935e-01
15450  ,-34.201  ,-190.478  ,2  ,3.20918e-01
15549  ,-190.512  ,-181.675  ,-6.33333  ,3.20885e-01
13344  ,-172.804  ,-190.422  ,-38  ,3.20879e-01
14304  ,-164.182  ,-181.312  ,2  ,3.20875e-01
15415  ,-131.25  ,-183.041  ,4  ,3.20837e-01
12588  ,-179.547  ,-188.456  ,-31.6667  ,3.20834e-01
13331  ,-141.838  ,-190.422  ,-28.5  ,3.20808e-01
13322  ,-113.782  ,-192.387  ,-28.5  ,3.20785e-01
12329  ,-103.983  ,-188.456  ,-9.5  ,3.20777e-01
15335  ,-8.75  ,-192.5  ,0  ,3.20771e-01
13360  ,-192.538  ,-183.641  ,-15.8333  ,3.20755e-01
15468  ,4.76837e-06  ,-192.5  ,2  ,3.20733e-01
12587  ,-166.083  ,-188.456  ,-28.5  ,3.20718e-01
11248  ,-134.667  ,-188.456  ,-19  ,3.20695e-01
9442  ,-140.034  ,-192.387  ,-38  ,3.20695e-01
13143  ,-78.7794  ,-192.387  ,-19  ,3.20692e-01
15476  ,8.75  ,-192.5  ,4  ,3.20692e-01
15338  ,-43.7657  ,-192.387  ,-9.5  ,3.20692e-01
15337  ,-34.201  ,-190.478  ,0  ,3.20673e-01
13128  ,-106.385  ,-190.422  ,-19  ,3.20670e-01
13121  ,-137.35  ,-190.422  ,-28.5  ,3.20664e-01
15456  ,-25.451  ,-190.478  ,2  ,3.20645e-01
12308  ,-188.524  ,-179.48  ,0  ,3.20600e-01
13339  ,-164.053  ,-190.422  ,-38  ,3.20598e-01
14305  ,-155.353  ,-181.312  ,2  ,3.20596e-01
15416  ,-122.5  ,-183.041  ,4  ,3.20561e-01
9596  ,-188.524  ,-188.456  ,-38  ,3.20514e-01
13323  ,-105.031  ,-192.387  ,-28.5  ,3.20508e-01
12330  ,-91.3982  ,-188.456  ,-8.5  ,3.20502e-01
9097  ,0  ,-192.5  ,0  ,3.20488e-01
15404  ,-141.821  ,-182.031  ,2  ,3.20484e-01
15467  ,8.75  ,-192.5  ,2  ,3.20444e-01
12584  ,-157.107  ,-188.456  ,-28.5  ,3.20430e-01
9475  ,-70.0287  ,-192.387  ,-19  ,3.20426e-01
15339  ,-35.0151  ,-192.387  ,-9.5  ,3.20423e-01
13336  ,-131.283  ,-192.387  ,-38  ,3.20412e-01
9985  ,-125.69  ,-188.456  ,-19  ,3.20408e-01
15331  ,-25.451  ,-190.478  ,0  ,3.20400e-01
9075  ,17.5  ,-192.5  ,4  ,3.20399e-01
13132  ,-97.634  ,-190.422  ,-19  ,3.20396e-01
15457  ,-16.8676  ,-190.478  ,2  ,3.20375e-01
12312  ,-179.694  ,-179.48  ,0  ,3.20327e-01
13142  ,-60.2987  ,-190.422  ,-9.5  ,3.20318e-01
13338  ,-155.077  ,-190.422  ,-38  ,3.20309e-01
15423  ,-113.75  ,-183.041  ,4  ,3.20286e-01
9842  ,-50.5686  ,-188.456  ,0  ,3.20272e-01
13325  ,-124.111  ,-190.422  ,-28.5  ,3.20238e-01
13316  ,-96.2806  ,-192.387  ,-28.5  ,3.20232e-01
12333  ,-82.5686  ,-188.456  ,-8.5  ,3.20230e-01
12592  ,-179.547  ,-188.456  ,-38  ,3.20227e-01
15330  ,8.75  ,-192.5  ,0  ,3.20200e-01
13148  ,-61.2781  ,-192.387  ,-19  ,3.20160e-01
15475  ,17.5  ,-192.5  ,2  ,3.20151e-01
15333  ,-26.2653  ,-192.387  ,-9.5  ,3.20150e-01
12585  ,-148.131  ,-188.456  ,-28.5  ,3.20140e-01
15332  ,-16.8676  ,-190.478  ,0  ,3.20130e-01
9443  ,-122.533  ,-192.387  ,-38  ,3.20130e-01
11249  ,-116.714  ,-188.456  ,-19  ,3.20122e-01
13134  ,-85.0493  ,-190.422  ,-18  ,3.20114e-01
15484  ,26.25  ,-192.5  ,4  ,3.20101e-01
15463  ,-8.11762  ,-190.478  ,2  ,3.20096e-01
13126  ,-119.623  ,-190.422  ,-28.5  ,3.20094e-01
13353  ,-192.538  ,-183.641  ,-22.1667  ,3.20085e-01
13147  ,-51.548  ,-190.422  ,-9.5  ,3.20051e-01
13333  ,-146.326  ,-190.422  ,-38  ,3.20025e-01
15424  ,-105  ,-183.041  ,4  ,3.20012e-01
11677  ,-41.9852  ,-188.456  ,0  ,3.20010e-01
13317  ,-87.53  ,-192.387  ,-28.5  ,3.19958e-01
9597  ,-170.571  ,-188.456  ,-38  ,3.19939e-01
15412  ,-124.095  ,-182.031  ,2  ,3.19921e-01
14316  ,-137.773  ,-181.02  ,2  ,3.19912e-01
9098  ,17.5  ,-192.5  ,0  ,3.19907e-01
12311  ,-166.23  ,-179.48  ,0  ,3.19903e-01
9474  ,-52.5275  ,-192.387  ,-19  ,3.19893e-01
15334  ,-17.5147  ,-192.387  ,-9.5  ,3.19873e-01
12304  ,-188.524  ,-179.48  ,-6.33333  ,3.19866e-01
15474  ,26.25  ,-192.5  ,2  ,3.19854e-01
15326  ,-8.11762  ,-190.478  ,0  ,3.19851e-01
12581  ,-139.155  ,-188.456  ,-28.5  ,3.19850e-01
13330  ,-113.782  ,-192.387  ,-38  ,3.19849e-01
13141  ,-76.2987  ,-190.422  ,-18  ,3.19846e-01
9984  ,-107.738  ,-188.456  ,-19  ,3.19837e-01
12872  ,-190.531  ,-181.675  ,-15.8333  ,3.19832e-01
15464  ,0.46571  ,-190.478  ,2  ,3.19818e-01
9074  ,35  ,-192.5  ,4  ,3.19798e-01
13153  ,-42.7974  ,-190.422  ,-9.5  ,3.19784e-01
9841  ,-33.4019  ,-188.456  ,0  ,3.19747e-01
15430  ,-96.25  ,-183.041  ,4  ,3.19739e-01
13332  ,-137.35  ,-190.422  ,-38  ,3.19733e-01
13310  ,-78.7794  ,-192.387  ,-28.5  ,3.19688e-01
13319  ,-106.385  ,-190.422  ,-28.5  ,3.19672e-01
12589  ,-161.595  ,-188.456  ,-38  ,3.19649e-01
13156  ,-43.7768  ,-192.387  ,-19  ,3.19624e-01
12316  ,-157.4  ,-179.48  ,0  ,3.19622e-01
15324  ,26.25  ,-192.5  ,0  ,3.19609e-01
15328  ,-8.76487  ,-192.387  ,-9.5  ,3.19593e-01
15327  ,0.46571  ,-190.478  ,0  ,3.19573e-01
9444  ,-105.031  ,-192.387  ,-38  ,3.19568e-01
12317  ,-148.424  ,-180.009  ,0  ,3.19567e-01
12582  ,-130.178  ,-188.456  ,-28.5  ,3.19559e-01
15483  ,35  ,-192.5  ,2  ,3.19551e-01
11298  ,-95.1533  ,-188.456  ,-18  ,3.19549e-01
15470  ,9.21571  ,-190.478  ,2  ,3.19530e-01
13130  ,-101.897  ,-190.422  ,-28.5  ,3.19529e-01
13154  ,-34.2141  ,-190.422  ,-9.5  ,3.19519e-01
15490  ,43.75  ,-192.5  ,4  ,3.19490e-01
11682  ,-24.8186  ,-188.456  ,0  ,3.19480e-01
15431  ,-87.5  ,-183.041  ,4  ,3.19472e-01
13327  ,-128.6  ,-190.422  ,-38  ,3.19449e-01
13311  ,-70.0287  ,-192.387  ,-28.5  ,3.19419e-01
15420  ,-106.369  ,-182.031  ,2  ,3.19360e-01
9598  ,-152.619  ,-188.456  ,-38  ,3.19357e-01
9473  ,-35.0262  ,-192.387  ,-19  ,3.19353e-01
14324  ,-120.193  ,-181.02  ,2  ,3.19351e-01
15329  ,-0.0142231  ,-192.387  ,-9.5  ,3.19309e-01
9099  ,35  ,-192.5  ,0  ,3.19306e-01
13324  ,-96.2806  ,-192.387  ,-38  ,3.19290e-01
12321  ,-139.594  ,-180.009  ,0  ,3.19285e-01
15320  ,9.21571  ,-190.478  ,0  ,3.19284e-01
12578  ,-121.202  ,-188.456  ,-28.5  ,3.19269e-01
9965  ,-82.5686  ,-188.456  ,-17  ,3.19268e-01
11670  ,-50.5686  ,-188.456  ,-8.5  ,3.19259e-01
13136  ,-93.1459  ,-190.422  ,-28.5  ,3.19252e-01
9020  ,-192.5  ,-175  ,4  ,3.19251e-01
13158  ,-25.4634  ,-190.422  ,-9.5  ,3.19246e-01
15471  ,17.799  ,-190.478  ,2  ,3.19243e-01
15482  ,43.75  ,-192.5  ,2  ,3.19242e-01
9840  ,-16.2352  ,-188.456  ,0  ,3.19210e-01
15438  ,-78.75  ,-183.041  ,4  ,3.19208e-01
13133  ,-85.0493  ,-190.422  ,-26.5  ,3.19206e-01
9073  ,52.5  ,-192.5  ,4  ,3.19174e-01
12871  ,-190.531  ,-181.675  ,-22.1667  ,3.19160e-01
13326  ,-119.623  ,-190.422  ,-38  ,3.19158e-01
13302  ,-61.2781  ,-192.387  ,-28.5  ,3.19152e-01
13354  ,-192.538  ,-183.641  ,-31.6667  ,3.19125e-01
13145  ,-51.548  ,-190.422  ,-18  ,3.19092e-01
13161  ,-26.2756  ,-192.387  ,-19  ,3.19079e-01
12586  ,-143.643  ,-188.456  ,-38  ,3.19064e-01
15323  ,8.73556  ,-192.387  ,-9.5  ,3.19020e-01
9445  ,-87.53  ,-192.387  ,-38  ,3.19014e-01
15317  ,43.75  ,-192.5  ,0  ,3.18997e-01
15321  ,17.799  ,-190.478  ,0  ,3.18997e-01
12322  ,-130.618  ,-180.009  ,0  ,3.18997e-01
15819  ,-192.5  ,-174.947  ,2  ,3.18987e-01
12579  ,-112.226  ,-188.456  ,-28.5  ,3.18980e-01
13159  ,-16.8801  ,-190.422  ,-9.5  ,3.18975e-01
15477  ,26.549  ,-190.478  ,2  ,3.18946e-01
15439  ,-70  ,-183.041  ,4  ,3.18945e-01
11686  ,-7.65191  ,-188.456  ,0  ,3.18936e-01
15489  ,52.5  ,-192.5  ,2  ,3.18927e-01
11669  ,-43.2485  ,-188.456  ,-9.5  ,3.18919e-01
13303  ,-52.5275  ,-192.387  ,-28.5  ,3.18883e-01
13321  ,-110.873  ,-190.422  ,-38  ,3.18875e-01
15496  ,61.25  ,-192.5  ,4  ,3.18853e-01
13307  ,-76.2987  ,-190.422  ,-27.5  ,3.18831e-01
13151  ,-42.7974  ,-190.422  ,-18  ,3.18823e-01
9472  ,-17.5249  ,-192.387  ,-19  ,3.18802e-01
15816  ,-183.75  ,-174.583  ,4  ,3.18801e-01
14332  ,-102.614  ,-181.02  ,2  ,3.18793e-01
9599  ,-134.667  ,-188.456  ,-38  ,3.18770e-01
13318  ,-78.7794  ,-192.387  ,-38  ,3.18740e-01
15322  ,17.4862  ,-192.387  ,-9.5  ,3.18727e-01
9063  ,-192.5  ,-174.894  ,0  ,3.18725e-01
12326  ,-121.789  ,-180.009  ,0  ,3.18713e-01
15312  ,26.549  ,-190.478  ,0  ,3.18700e-01
15353  ,-70  ,-183.041  ,2  ,3.18697e-01
13220  ,-8.12944  ,-190.422  ,-9.5  ,3.18695e-01
12574  ,-103.25  ,-188.456  ,-28.5  ,3.18692e-01
13140  ,-68.2987  ,-190.422  ,-26.5  ,3.18691e-01
15444  ,-61.25  ,-183.041  ,4  ,3.18683e-01
9100  ,52.5  ,-192.5  ,0  ,3.18682e-01
15346  ,-67.2142  ,-186.378  ,-9.88619  ,3.18677e-01
9839  ,0.931421  ,-188.456  ,0  ,3.18658e-01
11673  ,-34.6652  ,-188.456  ,-9.5  ,3.18655e-01
15478  ,35.1324  ,-190.478  ,2  ,3.18649e-01
13295  ,-43.7768  ,-192.387  ,-28.5  ,3.18613e-01
15488  ,61.25  ,-192.5  ,2  ,3.18605e-01
13320  ,-101.896  ,-190.422  ,-38  ,3.18586e-01
9072  ,70  ,-192.5  ,4  ,3.18525e-01
13223  ,-8.77429  ,-192.387  ,-19  ,3.18521e-01
14339  ,-93.8639  ,-181.02  ,2  ,3.18519e-01
13349  ,-192.538  ,-183.641  ,-38  ,3.18516e-01
13149  ,-35.4773  ,-190.422  ,-19  ,3.18486e-01
12583  ,-125.69  ,-188.456  ,-38  ,3.18477e-01
9446  ,-70.0287  ,-192.387  ,-38  ,3.18470e-01
15325  ,-0.0118206  ,-190.478  ,-9.5  ,3.18456e-01
13139  ,-60.2987  ,-190.422  ,-26.5  ,3.18446e-01
15437  ,-76.2843  ,-182.031  ,2  ,3.18436e-01
15316  ,26.236  ,-192.387  ,-9.5  ,3.18429e-01
12327  ,-112.812  ,-180.009  ,0  ,3.18424e-01
15445  ,-52.5  ,-183.041  ,4  ,3.18417e-01
15313  ,35.1324  ,-190.478  ,0  ,3.18404e-01
12576  ,-90.6652  ,-188.456  ,-27.5  ,3.18396e-01
11690  ,9.51475  ,-188.456  ,0  ,3.18375e-01
11674  ,-25.689  ,-188.456  ,-9.5  ,3.18375e-01
15309  ,61.25  ,-192.5  ,0  ,3.18360e-01
11300  ,-82.5686  ,-188.456  ,-25.5  ,3.18351e-01
15479  ,43.7157  ,-190.478  ,2  ,3.18347e-01
9284  ,-175  ,-174.167  ,4  ,3.18346e-01
13296  ,-35.0262  ,-192.387  ,-28.5  ,3.18340e-01
13315  ,-93.1459  ,-190.422  ,-38  ,3.18307e-01
9969  ,-50.5686  ,-188.456  ,-17  ,3.18292e-01
15495  ,70  ,-192.5  ,2  ,3.18277e-01
14340  ,-85.0343  ,-181.02  ,2  ,3.18250e-01
13313  ,-85.0493  ,-190.422  ,-36  ,3.18245e-01
9461  ,-0.0236407  ,-192.387  ,-19  ,3.18236e-01
13150  ,-26.5011  ,-190.422  ,-19  ,3.18205e-01
13312  ,-61.2781  ,-192.387  ,-38  ,3.18201e-01
12993  ,-190.531  ,-181.675  ,-31.6667  ,3.18197e-01
15503  ,78.75  ,-192.5  ,4  ,3.18197e-01
15350  ,-76.2843  ,-182.031  ,0  ,3.18189e-01
9600  ,-116.714  ,-188.456  ,-38  ,3.18184e-01
13146  ,-51.548  ,-190.422  ,-26.5  ,3.18178e-01
15319  ,8.73818  ,-190.478  ,-9.5  ,3.18168e-01
15451  ,-43.75  ,-183.041  ,4  ,3.18149e-01
12331  ,-103.983  ,-180.009  ,0  ,3.18142e-01
15315  ,34.9866  ,-192.387  ,-9.5  ,3.18127e-01
11299  ,-74.5686  ,-188.456  ,-25.5  ,3.18105e-01
11678  ,-17.1056  ,-188.456  ,-9.5  ,3.18104e-01
15314  ,43.7157  ,-190.478  ,0  ,3.18101e-01
9838  ,18.0981  ,-188.456  ,0  ,3.18088e-01
14306  ,-166.25  ,-174.167  ,4  ,3.18068e-01
13288  ,-26.2756  ,-192.387  ,-28.5  ,3.18065e-01
15485  ,52.4657  ,-190.478  ,2  ,3.18032e-01
9101  ,70  ,-192.5  ,0  ,3.18031e-01
13314  ,-84.1697  ,-190.422  ,-38  ,3.18023e-01
13306  ,-76.2987  ,-190.422  ,-36  ,3.17973e-01
15814  ,-190.512  ,-172.752  ,2  ,3.17972e-01
11282  ,-43.2485  ,-188.456  ,-18  ,3.17956e-01
15494  ,78.75  ,-192.5  ,2  ,3.17948e-01
13224  ,8.72699  ,-192.387  ,-19  ,3.17946e-01
9447  ,-52.5275  ,-192.387  ,-38  ,3.17931e-01
13157  ,-17.7505  ,-190.422  ,-19  ,3.17928e-01
13152  ,-42.7974  ,-190.422  ,-26.5  ,3.17907e-01
12580  ,-107.738  ,-188.456  ,-38  ,3.17892e-01
15452  ,-35  ,-183.041  ,4  ,3.17882e-01
9071  ,87.5  ,-192.5  ,4  ,3.17869e-01
15318  ,17.7144  ,-190.478  ,-9.5  ,3.17867e-01
15308  ,43.7364  ,-192.387  ,-9.5  ,3.17818e-01
11679  ,-8.12944  ,-188.456  ,-9.5  ,3.17817e-01
11695  ,26.6814  ,-188.456  ,0  ,3.17797e-01
9264  ,-157.5  ,-174.167  ,4  ,3.17787e-01
15306  ,52.4657  ,-190.478  ,0  ,3.17787e-01
13289  ,-17.5249  ,-192.387  ,-28.5  ,3.17786e-01
13309  ,-75.419  ,-190.422  ,-38  ,3.17750e-01
12340  ,-91.3982  ,-180.009  ,0  ,3.17748e-01
13305  ,-68.2987  ,-190.422  ,-36  ,3.17726e-01
15550  ,-190.512  ,-172.699  ,0  ,3.17709e-01
15303  ,78.75  ,-192.5  ,0  ,3.17702e-01
13304  ,-43.7768  ,-192.387  ,-38  ,3.17659e-01
9462  ,17.4776  ,-192.387  ,-19  ,3.17653e-01
13218  ,-8.99983  ,-190.422  ,-19  ,3.17647e-01
15552  ,-192.538  ,-174.894  ,-9.5  ,3.17628e-01
15502  ,87.5  ,-192.5  ,2  ,3.17620e-01
9983  ,-35.9284  ,-188.456  ,-19  ,3.17619e-01
15458  ,-26.25  ,-183.041  ,4  ,3.17611e-01
9601  ,-98.7617  ,-188.456  ,-38  ,3.17603e-01
12995  ,-190.531  ,-181.675  ,-38  ,3.17586e-01
13138  ,-67.2286  ,-186.322  ,-19.3862  ,3.17581e-01
15311  ,26.4644  ,-190.478  ,-9.5  ,3.17570e-01
15510  ,96.25  ,-192.5  ,4  ,3.17541e-01
12575  ,-90.6652  ,-188.456  ,-36  ,3.17539e-01
11684  ,0.453896  ,-188.456  ,-9.5  ,3.17538e-01
14202  ,-181.762  ,-172.335  ,2  ,3.17519e-01
14354  ,-60.2843  ,-181.02  ,2  ,3.17507e-01
13282  ,-8.77429  ,-192.387  ,-28.5  ,3.17504e-01
15307  ,52.487  ,-192.387  ,-9.5  ,3.17503e-01
9837  ,35.2648  ,-188.456  ,0  ,3.17501e-01
9966  ,-82.5686  ,-188.456  ,-34  ,3.17480e-01
11668  ,-57.4985  ,-184.357  ,-9.88619  ,3.17480e-01
12341  ,-82.5686  ,-180.009  ,0  ,3.17479e-01
13308  ,-66.4429  ,-190.422  ,-38  ,3.17474e-01
13291  ,-35.4773  ,-190.422  ,-28.5  ,3.17471e-01
15296  ,61.2157  ,-190.478  ,0  ,3.17465e-01
13299  ,-59.548  ,-190.422  ,-36  ,3.17457e-01
9448  ,-35.0262  ,-192.387  ,-38  ,3.17385e-01
14317  ,-148.75  ,-173.875  ,4  ,3.17378e-01
9102  ,87.5  ,-192.5  ,0  ,3.17373e-01
11286  ,-50.5686  ,-188.456  ,-25.5  ,3.17370e-01
13217  ,26.2283  ,-192.387  ,-19  ,3.17355e-01
13219  ,-0.0236409  ,-190.422  ,-19  ,3.17355e-01
11250  ,-26.9522  ,-188.456  ,-19  ,3.17338e-01
15459  ,-17.5  ,-183.041  ,4  ,3.17336e-01
13155  ,-30.9892  ,-190.422  ,-28.5  ,3.17330e-01
12577  ,-89.7855  ,-188.456  ,-38  ,3.17316e-01
13144  ,-58.478  ,-186.322  ,-19.3862  ,3.17315e-01
15501  ,96.25  ,-192.5  ,2  ,3.17292e-01
15310  ,35.4406  ,-190.478  ,-9.5  ,3.17259e-01
12572  ,-81.689  ,-188.456  ,-36  ,3.17255e-01
11683  ,9.43009  ,-188.456  ,-9.5  ,3.17242e-01
14368  ,-51.5343  ,-181.02  ,2  ,3.17240e-01
11293  ,-74.5686  ,-188.456  ,-34  ,3.17232e-01
13283  ,-0.0236407  ,-192.387  ,-28.5  ,3.17218e-01
9070  ,105  ,-192.5  ,4  ,3.17214e-01
13298  ,-51.548  ,-190.422  ,-36  ,3.17211e-01
13301  ,-57.6922  ,-190.422  ,-38  ,3.17204e-01
11699  ,43.8481  ,-188.456  ,0  ,3.17200e-01
15300  ,61.2368  ,-192.387  ,-9.5  ,3.17178e-01
12343  ,-188.524  ,-179.48  ,-31.6667  ,3.17169e-01
15491  ,77.2157  ,-190.478  ,2  ,3.17111e-01
13297  ,-26.2756  ,-192.387  ,-38  ,3.17108e-01
14201  ,-168.298  ,-172.335  ,2  ,3.17093e-01
13214  ,8.72699  ,-190.422  ,-19  ,3.17066e-01
15465  ,-8.75  ,-183.041  ,4  ,3.17059e-01
9982  ,-17.976  ,-188.456  ,-19  ,3.17054e-01
9463  ,34.9789  ,-192.387  ,-19  ,3.17052e-01
15293  ,96.25  ,-192.5  ,0  ,3.17045e-01
11285  ,-43.2485  ,-188.456  ,-26.5  ,3.17038e-01
9602  ,-80.8094  ,-188.456  ,-38  ,3.17032e-01
12571  ,-73.689  ,-188.456  ,-36  ,3.17007e-01
11295  ,-73.4985  ,-184.357  ,-18.3862  ,3.17002e-01
9967  ,-66.5686  ,-188.456  ,-34  ,3.16987e-01
14377  ,-42.7843  ,-181.02  ,2  ,3.16972e-01
9262  ,-140  ,-173.583  ,4  ,3.16967e-01
15509  ,105  ,-192.5  ,2  ,3.16965e-01
11687  ,18.0134  ,-188.456  ,-9.5  ,3.16955e-01
15304  ,44.1906  ,-190.478  ,-9.5  ,3.16951e-01
13292  ,-42.7974  ,-190.422  ,-36  ,3.16939e-01
13278  ,8.72699  ,-192.387  ,-28.5  ,3.16928e-01
13300  ,-48.716  ,-190.422  ,-38  ,3.16927e-01
13285  ,-17.7505  ,-190.422  ,-28.5  ,3.16910e-01
9836  ,52.4314  ,-188.456  ,0  ,3.16892e-01
15517  ,113.75  ,-192.5  ,4  ,3.16886e-01
15298  ,77.2157  ,-190.478  ,0  ,3.16864e-01
15299  ,69.9874  ,-192.387  ,-9.5  ,3.16849e-01
11373  ,-188.524  ,-174.992  ,-15.8333  ,3.16845e-01
9449  ,-17.5249  ,-192.387  ,-38  ,3.16828e-01
14302  ,-159.548  ,-172.335  ,2  ,3.16811e-01
15497  ,85.9657  ,-190.478  ,2  ,3.16782e-01
15466  ,0  ,-183.041  ,4  ,3.16777e-01
15305  ,52.4657  ,-190.478  ,-8.5  ,3.16771e-01
11255  ,-8.99983  ,-188.456  ,-19  ,3.16766e-01
13160  ,-13.2624  ,-190.422  ,-28.5  ,3.16766e-01
13213  ,17.7032  ,-190.422  ,-19  ,3.16765e-01
12573  ,-71.8332  ,-188.456  ,-38  ,3.16754e-01
14303  ,-150.571  ,-172.864  ,2  ,3.16751e-01
13212  ,43.7295  ,-192.387  ,-19  ,3.16743e-01
12565  ,-40.4165  ,-188.456  ,-28.5  ,3.16741e-01
11291  ,-58.5686  ,-188.456  ,-34  ,3.16741e-01
12569  ,-64.7128  ,-188.456  ,-36  ,3.16731e-01
15345  ,-67.9584  ,-181.472  ,-8.01523  ,3.16728e-01
9103  ,105  ,-192.5  ,0  ,3.16718e-01
14378  ,-34.201  ,-181.02  ,2  ,3.16708e-01
9688  ,-188.524  ,-170.504  ,0  ,3.16694e-01
14325  ,-131.25  ,-173.583  ,4  ,3.16680e-01
11692  ,26.5967  ,-188.456  ,-9.5  ,3.16663e-01
13294  ,-39.9654  ,-190.422  ,-38  ,3.16654e-01
15508  ,113.75  ,-192.5  ,2  ,3.16637e-01
13277  ,17.4776  ,-192.387  ,-28.5  ,3.16634e-01
12873  ,-190.531  ,-172.699  ,-9.5  ,3.16608e-01
9523  ,-192.538  ,-174.894  ,-19  ,3.16583e-01
9069  ,122.5  ,-192.5  ,4  ,3.16558e-01
12591  ,-188.524  ,-179.48  ,-38  ,3.16555e-01
13290  ,-8.77427  ,-192.387  ,-38  ,3.16545e-01
15289  ,85.9657  ,-190.478  ,0  ,3.16535e-01
15292  ,78.7372  ,-192.387  ,-9.5  ,3.16518e-01
11279  ,-57.4985  ,-184.357  ,-18.3862  ,3.16515e-01
11672  ,-50.5686  ,-180.009  ,0  ,3.16514e-01
9968  ,-50.5686  ,-188.456  ,-34  ,3.16494e-01
15473  ,8.75  ,-183.041  ,4  ,3.16491e-01
12568  ,-56.7128  ,-188.456  ,-36  ,3.16485e-01
13222  ,-4.51174  ,-190.422  ,-28.5  ,3.16482e-01
9603  ,-62.857  ,-188.456  ,-38  ,3.16477e-01
9975  ,-0.0236412  ,-188.456  ,-19  ,3.16474e-01
13209  ,26.4538  ,-190.422  ,-19  ,3.16467e-01
12562  ,-31.4403  ,-188.456  ,-28.5  ,3.16461e-01
12338  ,-82.5686  ,-180.009  ,-8.5  ,3.16459e-01
15498  ,94.6361  ,-190.478  ,2  ,3.16458e-01
15295  ,61.2157  ,-190.478  ,-8.5  ,3.16447e-01
14387  ,-25.451  ,-181.02  ,2  ,3.16437e-01
9464  ,52.4802  ,-192.387  ,-19  ,3.16427e-01
9260  ,-122.5  ,-173.583  ,4  ,3.16392e-01
15287  ,113.75  ,-192.5  ,0  ,3.16391e-01
13293  ,-30.9892  ,-190.422  ,-38  ,3.16372e-01
11691  ,35.5729  ,-188.456  ,-9.5  ,3.16353e-01
14314  ,-141.821  ,-172.572  ,2  ,3.16338e-01
13273  ,26.2283  ,-192.387  ,-28.5  ,3.16335e-01
15516  ,122.5  ,-192.5  ,2  ,3.16310e-01
12305  ,-175.059  ,-170.504  ,0  ,3.16270e-01
9450  ,-0.0236435  ,-192.387  ,-38  ,3.16257e-01
11671  ,-41.9852  ,-180.009  ,0  ,3.16250e-01
15524  ,131.25  ,-192.5  ,4  ,3.16230e-01
15290  ,94.6361  ,-190.478  ,0  ,3.16211e-01
12566  ,-47.7366  ,-188.456  ,-36  ,3.16207e-01
15472  ,17.5  ,-183.041  ,4  ,3.16201e-01
12570  ,-53.8808  ,-188.456  ,-38  ,3.16201e-01
15291  ,87.4878  ,-192.387  ,-9.5  ,3.16188e-01
13221  ,4.46445  ,-190.422  ,-28.5  ,3.16186e-01
11256  ,8.95255  ,-188.456  ,-19  ,3.16177e-01
12563  ,-22.4641  ,-188.456  ,-28.5  ,3.16177e-01
14388  ,-16.8676  ,-181.02  ,2  ,3.16168e-01
11371  ,-188.524  ,-174.992  ,-22.1667  ,3.16166e-01
13208  ,35.43  ,-190.422  ,-19  ,3.16156e-01
15504  ,103.386  ,-190.478  ,2  ,3.16132e-01
14333  ,-113.75  ,-173.583  ,4  ,3.16104e-01
13207  ,61.2308  ,-192.387  ,-19  ,3.16102e-01
13287  ,-22.2386  ,-190.422  ,-38  ,3.16094e-01
9104  ,122.5  ,-192.5  ,0  ,3.16065e-01
11696  ,44.1563  ,-188.456  ,-9.5  ,3.16051e-01
14315  ,-132.845  ,-172.572  ,2  ,3.16042e-01
13272  ,34.9789  ,-192.387  ,-28.5  ,3.16031e-01
11675  ,-33.4019  ,-180.009  ,0  ,3.15986e-01
15515  ,131.25  ,-192.5  ,2  ,3.15983e-01
13284  ,8.72699  ,-192.387  ,-38  ,3.15966e-01
9604  ,-44.9046  ,-188.456  ,-38  ,3.15922e-01
15481  ,26.25  ,-183.041  ,4  ,3.15906e-01
9068  ,140  ,-192.5  ,4  ,3.15903e-01
13216  ,13.2151  ,-190.422  ,-28.5  ,3.15894e-01
14397  ,-8.11762  ,-181.02  ,2  ,3.15890e-01
12559  ,-13.4879  ,-188.456  ,-28.5  ,3.15890e-01
15283  ,103.386  ,-190.478  ,0  ,3.15885e-01
9976  ,17.9287  ,-188.456  ,-19  ,3.15877e-01
11697  ,52.4314  ,-188.456  ,-8.5  ,3.15873e-01
15286  ,96.2376  ,-192.387  ,-9.5  ,3.15861e-01
13202  ,44.1806  ,-190.422  ,-19  ,3.15848e-01
11287  ,-65.4985  ,-184.357  ,-26.8862  ,3.15841e-01
9773  ,-161.595  ,-170.504  ,0  ,3.15837e-01
9258  ,-105  ,-173.583  ,4  ,3.15819e-01
15505  ,112.057  ,-190.478  ,2  ,3.15809e-01
13286  ,-13.2624  ,-190.422  ,-38  ,3.15805e-01
11997  ,-152.619  ,-171.033  ,0  ,3.15775e-01
9465  ,69.9814  ,-192.387  ,-19  ,3.15772e-01
14322  ,-124.095  ,-172.572  ,2  ,3.15751e-01
15282  ,131.25  ,-192.5  ,0  ,3.15738e-01
13268  ,43.7295  ,-192.387  ,-28.5  ,3.15722e-01
11676  ,-24.8186  ,-180.009  ,0  ,3.15720e-01
9771  ,-143.643  ,-171.561  ,0  ,3.15712e-01
13200  ,77.2064  ,-190.422  ,-9.5  ,3.15702e-01
9757  ,84.4314  ,-188.456  ,0  ,3.15697e-01
9451  ,17.4776  ,-192.387  ,-38  ,3.15671e-01
13205  ,52.4558  ,-190.422  ,-18  ,3.15662e-01
15523  ,140  ,-192.5  ,2  ,3.15656e-01
12567  ,-35.9284  ,-188.456  ,-38  ,3.15641e-01
14398  ,0.46571  ,-181.02  ,2  ,3.15614e-01
15480  ,35  ,-183.041  ,4  ,3.15607e-01
12560  ,-4.51174  ,-188.456  ,-28.5  ,3.15598e-01
11283  ,-57.4985  ,-184.357  ,-26.8862  ,3.15596e-01
12996  ,-192.538  ,-174.894  ,-28.5  ,3.15593e-01
13215  ,22.1913  ,-190.422  ,-28.5  ,3.15591e-01
15531  ,148.75  ,-192.5  ,4  ,3.15576e-01
11254  ,26.9049  ,-188.456  ,-19  ,3.15571e-01
15284  ,112.057  ,-190.478  ,0  ,3.15562e-01
14343  ,-96.25  ,-173.583  ,4  ,3.15540e-01
15285  ,104.988  ,-192.387  ,-9.5  ,3.15535e-01
11667  ,-58.2427  ,-179.45  ,-8.01523  ,3.15533e-01
13281  ,-4.51174  ,-190.422  ,-38  ,3.15519e-01
15288  ,85.9657  ,-190.478  ,-8.5  ,3.15515e-01
11665  ,-50.5686  ,-180.009  ,-8.5  ,3.15490e-01
15511  ,120.807  ,-190.478  ,2  ,3.15483e-01
14323  ,-115.119  ,-172.572  ,2  ,3.15453e-01
15820  ,-192.5  ,-166.25  ,4  ,3.15450e-01
11680  ,-16.2352  ,-180.009  ,0  ,3.15450e-01
13201  ,78.7321  ,-192.387  ,-19  ,3.15441e-01
11999  ,-134.667  ,-171.561  ,0  ,3.15414e-01
9105  ,140  ,-192.5  ,0  ,3.15412e-01
13267  ,52.4802  ,-192.387  ,-28.5  ,3.15407e-01
12039  ,93.1018  ,-188.456  ,0  ,3.15373e-01
13279  ,26.2283  ,-192.387  ,-38  ,3.15372e-01
9605  ,-26.9522  ,-188.456  ,-38  ,3.15358e-01
13199  ,61.2064  ,-190.422  ,-18  ,3.15337e-01
14399  ,9.04904  ,-181.02  ,2  ,3.15334e-01
15522  ,148.75  ,-192.5  ,2  ,3.15330e-01
12557  ,4.46445  ,-188.456  ,-28.5  ,3.15303e-01
15487  ,43.75  ,-183.041  ,4  ,3.15302e-01
13211  ,30.9419  ,-190.422  ,-28.5  ,3.15290e-01
9256  ,-87.5  ,-173.583  ,4  ,3.15269e-01
9977  ,35.8811  ,-188.456  ,-19  ,3.15261e-01
9067  ,157.5  ,-192.5  ,4  ,3.15250e-01
15278  ,120.807  ,-190.478  ,0  ,3.15237e-01
13280  ,4.46445  ,-190.422  ,-38  ,3.15223e-01
15281  ,113.738  ,-192.387  ,-9.5  ,3.15209e-01
15811  ,-192.5  ,-166.197  ,2  ,3.15184e-01
11681  ,-7.65191  ,-180.009  ,0  ,3.15178e-01
14331  ,-106.369  ,-172.572  ,2  ,3.15165e-01
15512  ,129.477  ,-190.478  ,2  ,3.15161e-01
9769  ,-125.69  ,-171.561  ,0  ,3.15113e-01
9466  ,87.4827  ,-192.387  ,-19  ,3.15112e-01
15276  ,148.75  ,-192.5  ,0  ,3.15086e-01
13261  ,61.2308  ,-192.387  ,-28.5  ,3.15083e-01
11275  ,44.1563  ,-188.456  ,-18  ,3.15081e-01
12564  ,-17.976  ,-188.456  ,-38  ,3.15071e-01
9452  ,34.9789  ,-192.387  ,-38  ,3.15068e-01
9756  ,101.772  ,-188.456  ,0  ,3.15051e-01
13191  ,94.6275  ,-190.422  ,-9.5  ,3.15049e-01
14194  ,17.799  ,-181.02  ,2  ,3.15044e-01
11294  ,-74.2427  ,-179.45  ,-16.5152  ,3.15037e-01
14358  ,-78.75  ,-173.583  ,4  ,3.15006e-01
15530  ,157.5  ,-192.5  ,2  ,3.15004e-01
12556  ,13.4406  ,-188.456  ,-28.5  ,3.15004e-01
15486  ,52.5  ,-183.041  ,4  ,3.14990e-01
13210  ,39.9181  ,-190.422  ,-28.5  ,3.14976e-01
13276  ,13.2151  ,-190.422  ,-38  ,3.14930e-01
15537  ,166.25  ,-192.5  ,4  ,3.14924e-01
15559  ,-192.5  ,-166.147  ,0  ,3.14921e-01
15279  ,129.477  ,-190.478  ,0  ,3.14916e-01
11685  ,0.931421  ,-180.009  ,0  ,3.14901e-01
9970  ,52.4314  ,-188.456  ,-17  ,3.14898e-01
15280  ,122.489  ,-192.387  ,-9.5  ,3.14885e-01
14338  ,-97.619  ,-172.572  ,2  ,3.14883e-01
15518  ,138.227  ,-190.478  ,2  ,3.14836e-01
15817  ,-183.75  ,-165.417  ,4  ,3.14817e-01
12001  ,-116.714  ,-171.561  ,0  ,3.14812e-01
13193  ,96.2333  ,-192.387  ,-19  ,3.14785e-01
9606  ,-8.99983  ,-188.456  ,-38  ,3.14781e-01
9106  ,157.5  ,-192.5  ,0  ,3.14761e-01
13274  ,43.7295  ,-192.387  ,-38  ,3.14759e-01
14195  ,26.3824  ,-181.02  ,2  ,3.14756e-01
13260  ,69.9814  ,-192.387  ,-28.5  ,3.14752e-01
9254  ,-70  ,-173.583  ,4  ,3.14747e-01
13204  ,52.4558  ,-190.422  ,-26.5  ,3.14738e-01
10198  ,-64.4285  ,-180.257  ,-19.7724  ,3.14737e-01
13196  ,77.2064  ,-190.422  ,-18  ,3.14733e-01
12044  ,110.443  ,-188.456  ,0  ,3.14730e-01
13183  ,103.378  ,-190.422  ,-9.5  ,3.14724e-01
12554  ,22.4168  ,-188.456  ,-28.5  ,3.14701e-01
15529  ,166.25  ,-192.5  ,2  ,3.14679e-01
12033  ,84.4314  ,-188.456  ,-8.5  ,3.14675e-01
15493  ,61.25  ,-183.041  ,4  ,3.14670e-01
13206  ,48.6687  ,-190.422  ,-28.5  ,3.14665e-01
9502  ,-192.538  ,-174.894  ,-38  ,3.14658e-01
13275  ,22.1913  ,-190.422  ,-38  ,3.14626e-01
11689  ,9.51475  ,-180.009  ,0  ,3.14621e-01
9066  ,175  ,-192.5  ,4  ,3.14599e-01
15272  ,138.227  ,-190.478  ,0  ,3.14591e-01
12874  ,-190.531  ,-172.699  ,-28.5  ,3.14566e-01
15275  ,131.238  ,-192.387  ,-9.5  ,3.14560e-01
11278  ,-58.2427  ,-179.45  ,-16.5152  ,3.14551e-01
15519  ,146.897  ,-190.478  ,2  ,3.14514e-01
9767  ,-107.738  ,-171.561  ,0  ,3.14514e-01
14341  ,-85.0343  ,-172.572  ,2  ,3.14494e-01
12561  ,-0.0236412  ,-188.456  ,-38  ,3.14486e-01
14369  ,-61.25  ,-173.583  ,4  ,3.14486e-01
9467  ,104.984  ,-192.387  ,-19  ,3.14459e-01
14183  ,35.1324  ,-181.02  ,2  ,3.14457e-01
9453  ,52.4802  ,-192.387  ,-38  ,3.14443e-01
13203  ,60.4558  ,-190.422  ,-26.5  ,3.14442e-01
15269  ,166.25  ,-192.5  ,0  ,3.14435e-01
13254  ,78.7321  ,-192.387  ,-28.5  ,3.14422e-01
15302  ,61.25  ,-183.041  ,2  ,3.14419e-01
9755  ,119.113  ,-188.456  ,0  ,3.14409e-01
13189  ,85.9571  ,-190.422  ,-18  ,3.14405e-01
13184  ,112.049  ,-190.422  ,-9.5  ,3.14403e-01
12553  ,31.393  ,-188.456  ,-28.5  ,3.14392e-01
14209  ,-175  ,-165  ,4  ,3.14359e-01
15536  ,175  ,-192.5  ,2  ,3.14353e-01
12036  ,93.1018  ,-188.456  ,-8.5  ,3.14351e-01
15492  ,70  ,-183.041  ,4  ,3.14343e-01
11688  ,18.0981  ,-180.009  ,0  ,3.14337e-01
13271  ,30.9419  ,-190.422  ,-38  ,3.14325e-01
11297  ,-82.5686  ,-179.482  ,-25.5  ,3.14321e-01
15542  ,183.75  ,-192.5  ,4  ,3.14274e-01
15273  ,146.897  ,-190.478  ,0  ,3.14270e-01
15274  ,139.989  ,-192.387  ,-9.5  ,3.14236e-01
14355  ,-76.2843  ,-172.572  ,2  ,3.14233e-01
9252  ,-52.5  ,-173.583  ,4  ,3.14219e-01
15525  ,155.647  ,-190.478  ,2  ,3.14190e-01
9607  ,8.95255  ,-188.456  ,-38  ,3.14188e-01
15809  ,-190.512  ,-164.002  ,2  ,3.14169e-01
14184  ,43.7157  ,-181.02  ,2  ,3.14159e-01
13187  ,113.735  ,-192.387  ,-19  ,3.14135e-01
13269  ,61.2308  ,-192.387  ,-38  ,3.14120e-01
13198  ,69.2064  ,-190.422  ,-26.5  ,3.14113e-01
9107  ,175  ,-192.5  ,0  ,3.14110e-01
12339  ,-95.1533  ,-171.561  ,0  ,3.14107e-01
13253  ,87.4827  ,-192.387  ,-28.5  ,3.14094e-01
15301  ,70  ,-183.041  ,2  ,3.14091e-01
12049  ,127.783  ,-188.456  ,0  ,3.14089e-01
13178  ,120.799  ,-190.422  ,-9.5  ,3.14079e-01
12549  ,40.3692  ,-188.456  ,-28.5  ,3.14079e-01
14307  ,-166.25  ,-165  ,4  ,3.14077e-01
11694  ,26.6814  ,-180.009  ,0  ,3.14049e-01
15541  ,183.75  ,-192.5  ,2  ,3.14028e-01
15500  ,78.75  ,-183.041  ,4  ,3.14014e-01
13270  ,39.9181  ,-190.422  ,-38  ,3.14010e-01
15277  ,124.072  ,-190.478  ,-9.5  ,3.13983e-01
11277  ,52.4314  ,-188.456  ,-25.5  ,3.13967e-01
14379  ,-43.75  ,-173.583  ,4  ,3.13949e-01
9065  ,192.5  ,-192.5  ,4  ,3.13948e-01
15265  ,155.647  ,-190.478  ,0  ,3.13946e-01
15268  ,148.739  ,-192.387  ,-9.5  ,3.13912e-01
15556  ,-190.512  ,-163.952  ,0  ,3.13906e-01
12551  ,48.6444  ,-188.456  ,-27.5  ,3.13890e-01
12558  ,17.9287  ,-188.456  ,-38  ,3.13886e-01
15526  ,164.318  ,-190.478  ,2  ,3.13868e-01
13188  ,97.5867  ,-190.422  ,-19  ,3.13861e-01
14173  ,52.4657  ,-181.02  ,2  ,3.13848e-01
9468  ,122.485  ,-192.387  ,-19  ,3.13811e-01
13197  ,77.2064  ,-190.422  ,-26.5  ,3.13811e-01
15553  ,-192.538  ,-166.147  ,-9.5  ,3.13809e-01
12035  ,104.731  ,-188.456  ,-9.5  ,3.13803e-01
9454  ,69.9814  ,-192.387  ,-38  ,3.13790e-01
15547  ,183.75  ,-192.5  ,0  ,3.13785e-01
9754  ,136.454  ,-188.456  ,0  ,3.13770e-01
13248  ,96.2333  ,-192.387  ,-28.5  ,3.13767e-01
13264  ,52.4558  ,-190.422  ,-36  ,3.13761e-01
11693  ,35.2648  ,-180.009  ,0  ,3.13757e-01
14353  ,-60.2843  ,-172.572  ,2  ,3.13756e-01
15297  ,61.2157  ,-182.031  ,0  ,3.13725e-01
9680  ,-82.5686  ,-171.561  ,0  ,3.13721e-01
15548  ,192.5  ,-192.5  ,2  ,3.13703e-01
13266  ,48.6687  ,-190.422  ,-38  ,3.13699e-01
9974  ,84.4314  ,-188.456  ,-17  ,3.13698e-01
15499  ,87.5  ,-183.041  ,4  ,3.13686e-01
9250  ,-35  ,-173.583  ,4  ,3.13680e-01
11276  ,60.4314  ,-188.456  ,-25.5  ,3.13671e-01
15271  ,132.822  ,-190.478  ,-9.5  ,3.13660e-01
12303  ,-188.524  ,-166.016  ,-9.5  ,3.13629e-01
12994  ,-190.531  ,-172.699  ,-38  ,3.13628e-01
15266  ,164.318  ,-190.478  ,0  ,3.13624e-01
15294  ,66.2641  ,-184.106  ,-6.87561  ,3.13619e-01
12870  ,-190.531  ,-168.211  ,-19  ,3.13594e-01
15267  ,157.49  ,-192.387  ,-9.5  ,3.13588e-01
9608  ,26.9049  ,-188.456  ,-38  ,3.13580e-01
15532  ,173.068  ,-190.478  ,2  ,3.13544e-01
13182  ,106.337  ,-190.422  ,-19  ,3.13536e-01
14206  ,-181.762  ,-163.169  ,2  ,3.13533e-01
14367  ,-51.5343  ,-172.572  ,2  ,3.13489e-01
13181  ,131.236  ,-192.387  ,-19  ,3.13488e-01
14498  ,-155.917  ,-164.416  ,4  ,3.13485e-01
12041  ,113.402  ,-188.456  ,-9.5  ,3.13483e-01
13190  ,85.9571  ,-190.422  ,-26.5  ,3.13483e-01
13263  ,60.4558  ,-190.422  ,-36  ,3.13466e-01
13262  ,78.7321  ,-192.387  ,-38  ,3.13461e-01
9064  ,192.5  ,-192.5  ,0  ,3.13459e-01
11698  ,43.8481  ,-180.009  ,0  ,3.13459e-01
12054  ,145.124  ,-188.456  ,0  ,3.13450e-01
13247  ,104.984  ,-192.387  ,-28.5  ,3.13442e-01
11292  ,-82.5686  ,-179.482  ,-34  ,3.13439e-01
14389  ,-26.25  ,-173.583  ,4  ,3.13409e-01
13265  ,57.6449  ,-190.422  ,-38  ,3.13372e-01
15507  ,96.25  ,-183.041  ,4  ,3.13360e-01
11281  ,-50.5686  ,-179.482  ,-25.5  ,3.13344e-01
15270  ,141.798  ,-190.478  ,-9.5  ,3.13329e-01
15258  ,173.068  ,-190.478  ,0  ,3.13300e-01
12555  ,35.8811  ,-188.456  ,-38  ,3.13269e-01
15261  ,166.239  ,-192.387  ,-9.5  ,3.13263e-01
11296  ,-82.5686  ,-174.995  ,-17  ,3.13241e-01
15533  ,181.738  ,-190.478  ,2  ,3.13223e-01
14376  ,-42.7843  ,-172.572  ,2  ,3.13218e-01
13177  ,115.088  ,-190.422  ,-19  ,3.13213e-01
11290  ,-74.5686  ,-179.482  ,-34  ,3.13193e-01
9469  ,139.987  ,-192.387  ,-19  ,3.13165e-01
11260  ,96.061  ,-188.456  ,-18  ,3.13155e-01
11705  ,52.4314  ,-180.009  ,0  ,3.13154e-01
12040  ,122.378  ,-188.456  ,-9.5  ,3.13153e-01
13257  ,69.2064  ,-190.422  ,-36  ,3.13136e-01
9248  ,-17.5  ,-173.583  ,4  ,3.13136e-01
9455  ,87.4827  ,-192.387  ,-38  ,3.13133e-01
9753  ,153.795  ,-188.456  ,0  ,3.13130e-01
13243  ,113.735  ,-192.387  ,-28.5  ,3.13118e-01
14204  ,-168.298  ,-163.169  ,2  ,3.13101e-01
9971  ,52.4314  ,-188.456  ,-34  ,3.13082e-01
14499  ,-147.167  ,-164.124  ,4  ,3.13069e-01
13259  ,66.3956  ,-190.422  ,-38  ,3.13045e-01
15506  ,105  ,-183.041  ,4  ,3.13038e-01
12550  ,48.6444  ,-188.456  ,-36  ,3.13016e-01
15264  ,150.548  ,-190.478  ,-9.5  ,3.13007e-01
13192  ,93.0986  ,-190.422  ,-28.5  ,3.13006e-01
15262  ,183.741  ,-192.387  ,-6.33333  ,3.12981e-01
15259  ,181.738  ,-190.478  ,0  ,3.12978e-01
14375  ,-34.201  ,-172.572  ,2  ,3.12953e-01
9609  ,44.8573  ,-188.456  ,-38  ,3.12952e-01
15260  ,174.99  ,-192.387  ,-9.5  ,3.12939e-01
14161  ,77.2157  ,-181.02  ,2  ,3.12926e-01
15538  ,190.488  ,-190.478  ,2  ,3.12897e-01
13176  ,124.064  ,-190.422  ,-19  ,3.12883e-01
14401  ,-8.75  ,-173.583  ,4  ,3.12860e-01
13175  ,148.737  ,-192.387  ,-19  ,3.12842e-01
12046  ,131.048  ,-188.456  ,-9.5  ,3.12835e-01
13256  ,77.2064  ,-190.422  ,-36  ,3.12834e-01
12058  ,162.465  ,-188.456  ,0  ,3.12810e-01
13255  ,96.2334  ,-192.387  ,-38  ,3.12807e-01
13242  ,122.485  ,-192.387  ,-28.5  ,3.12796e-01
12878  ,-190.531  ,-163.952  ,-9.5  ,3.12790e-01
12306  ,-188.524  ,-161.528  ,0  ,3.12790e-01
11271  ,60.4314  ,-188.456  ,-34  ,3.12787e-01
14505  ,-138.584  ,-164.124  ,4  ,3.12779e-01
10293  ,-65.1726  ,-175.35  ,-17.9014  ,3.12772e-01
11263  ,84.4314  ,-188.456  ,-25.5  ,3.12768e-01
9843  ,-50.5686  ,-171.561  ,0  ,3.12761e-01
12881  ,-192.538  ,-166.147  ,-19  ,3.12752e-01
14351  ,-67.9584  ,-172.013  ,-6.01523  ,3.12751e-01
15514  ,113.75  ,-183.041  ,4  ,3.12718e-01
13258  ,75.3718  ,-190.422  ,-38  ,3.12705e-01
11289  ,-58.5686  ,-179.482  ,-34  ,3.12702e-01
12547  ,57.6206  ,-188.456  ,-36  ,3.12690e-01
14385  ,-25.451  ,-172.572  ,2  ,3.12682e-01
13186  ,101.849  ,-190.422  ,-28.5  ,3.12682e-01
15263  ,159.524  ,-190.478  ,-9.5  ,3.12675e-01
15544  ,192.49  ,-192.387  ,-6.33333  ,3.12656e-01
15543  ,190.488  ,-190.478  ,0  ,3.12653e-01
12552  ,53.8335  ,-188.456  ,-38  ,3.12630e-01
9978  ,107.691  ,-188.456  ,-19  ,3.12614e-01
9679  ,-188.524  ,-170.504  ,-38  ,3.12598e-01
14147  ,85.9657  ,-181.02  ,2  ,3.12596e-01
9246  ,0  ,-173.583  ,4  ,3.12580e-01
13172  ,132.815  ,-190.422  ,-19  ,3.12561e-01
9470  ,157.488  ,-192.387  ,-19  ,3.12519e-01
14492  ,-157.965  ,-162.585  ,2  ,3.12508e-01
13250  ,85.9571  ,-190.422  ,-36  ,3.12506e-01
12045  ,140.025  ,-188.456  ,-9.5  ,3.12505e-01
11666  ,-41.9852  ,-171.561  ,0  ,3.12495e-01
13195  ,66.2549  ,-184.05  ,-16.3756  ,3.12490e-01
9752  ,171.136  ,-188.456  ,0  ,3.12490e-01
9972  ,68.4314  ,-188.456  ,-34  ,3.12486e-01
9456  ,104.984  ,-192.387  ,-38  ,3.12483e-01
14506  ,-129.834  ,-164.124  ,4  ,3.12478e-01
13238  ,131.236  ,-192.387  ,-28.5  ,3.12473e-01
11284  ,-50.5686  ,-179.482  ,-34  ,3.12457e-01
12032  ,73.4799  ,-182.085  ,-6.87561  ,3.12450e-01
14493  ,-148.988  ,-163.114  ,2  ,3.12440e-01
14386  ,-16.8676  ,-172.572  ,2  ,3.12414e-01
15513  ,122.5  ,-183.041  ,4  ,3.12399e-01
12546  ,65.6206  ,-188.456  ,-36  ,3.12391e-01
13252  ,84.1224  ,-190.422  ,-38  ,3.12377e-01
12301  ,-175.059  ,-161.528  ,0  ,3.12361e-01
15256  ,168.274  ,-190.478  ,-9.5  ,3.12351e-01
13185  ,110.825  ,-190.422  ,-28.5  ,3.12351e-01
9610  ,62.8097  ,-188.456  ,-38  ,3.12298e-01
14400  ,8.75  ,-173.583  ,4  ,3.12297e-01
12540  ,91.5729  ,-188.456  ,-27.5  ,3.12291e-01
11253  ,116.667  ,-188.456  ,-19  ,3.12284e-01
14148  ,94.6361  ,-181.02  ,2  ,3.12273e-01
11280  ,-50.5686  ,-174.995  ,-17  ,3.12271e-01
12865  ,-157.965  ,-162.585  ,0  ,3.12263e-01
12336  ,-74.2427  ,-171.002  ,-8.01523  ,3.12249e-01
13171  ,141.791  ,-190.422  ,-19  ,3.12231e-01
9846  ,-33.4019  ,-171.561  ,0  ,3.12229e-01
15257  ,181.738  ,-190.478  ,-6.33333  ,3.12222e-01
13170  ,166.238  ,-192.387  ,-19  ,3.12196e-01
12866  ,-148.988  ,-163.114  ,0  ,3.12195e-01
12051  ,148.695  ,-188.456  ,-9.5  ,3.12187e-01
11269  ,76.4314  ,-188.456  ,-34  ,3.12184e-01
14512  ,-121.25  ,-164.124  ,4  ,3.12181e-01
12060  ,179.806  ,-188.456  ,0  ,3.12169e-01
13249  ,113.735  ,-192.387  ,-38  ,3.12159e-01
13237  ,139.987  ,-192.387  ,-28.5  ,3.12151e-01
14501  ,-140.405  ,-163.114  ,2  ,3.12150e-01
14395  ,-8.11762  ,-172.572  ,2  ,3.12138e-01
11703  ,52.4314  ,-180.009  ,-8.5  ,3.12124e-01
15521  ,131.25  ,-183.041  ,4  ,3.12081e-01
11272  ,57.4799  ,-182.085  ,-15.3756  ,3.12058e-01
11123  ,-73.4985  ,-175.382  ,-26.8862  ,3.12056e-01
12544  ,74.5967  ,-188.456  ,-36  ,3.12052e-01
13251  ,93.0986  ,-190.422  ,-38  ,3.12043e-01
13180  ,119.576  ,-190.422  ,-28.5  ,3.12029e-01
9286  ,17.5  ,-173.583  ,4  ,3.12011e-01
11659  ,-24.8186  ,-171.561  ,0  ,3.11963e-01
12548  ,71.7859  ,-188.456  ,-38  ,3.11959e-01
9979  ,125.643  ,-188.456  ,-19  ,3.11955e-01
12034  ,84.4314  ,-180.009  ,0  ,3.11955e-01
14138  ,103.386  ,-181.02  ,2  ,3.11951e-01
9392  ,192.49  ,-192.387  ,-12.6667  ,3.11926e-01
13167  ,150.542  ,-190.422  ,-19  ,3.11910e-01
13612  ,183.74  ,-192.387  ,-15.8333  ,3.11896e-01
12727  ,-140.018  ,-163.114  ,0  ,3.11890e-01
9973  ,84.4314  ,-188.456  ,-34  ,3.11883e-01
14513  ,-112.5  ,-164.124  ,4  ,3.11881e-01
13611  ,190.483  ,-190.422  ,-6.33333  ,3.11872e-01
9471  ,174.989  ,-192.387  ,-19  ,3.11871e-01
14396  ,0.46571  ,-172.572  ,2  ,3.11864e-01
12050  ,157.671  ,-188.456  ,-9.5  ,3.11857e-01
9751  ,188.476  ,-188.456  ,0  ,3.11847e-01
14502  ,-131.429  ,-163.114  ,2  ,3.11839e-01
9457  ,122.485  ,-192.387  ,-38  ,3.11837e-01
13233  ,148.737  ,-192.387  ,-28.5  ,3.11829e-01
13194  ,70.4807  ,-183.604  ,-19.2199  ,3.11812e-01
11662  ,-58.2427  ,-171.002  ,-8.01523  ,3.11769e-01
15520  ,140  ,-183.041  ,4  ,3.11763e-01
12539  ,103.203  ,-188.456  ,-28.5  ,3.11756e-01
12031  ,77.7057  ,-181.639  ,-9.71987  ,3.11754e-01
12543  ,82.5967  ,-188.456  ,-36  ,3.11751e-01
12997  ,-192.538  ,-166.147  ,-28.5  ,3.11749e-01
14196  ,26.25  ,-173.583  ,4  ,3.11721e-01
13246  ,101.849  ,-190.422  ,-38  ,3.11719e-01
13179  ,128.552  ,-190.422  ,-28.5  ,3.11700e-01
9845  ,-16.2352  ,-171.561  ,0  ,3.11694e-01
9021  ,-192.5  ,-157.5  ,4  ,3.11654e-01
14139  ,112.057  ,-181.02  ,2  ,3.11637e-01
12038  ,93.1018  ,-180.009  ,0  ,3.11632e-01
11252  ,134.619  ,-188.456  ,-19  ,3.11626e-01
9611  ,80.7621  ,-188.456  ,-38  ,3.11621e-01
14518  ,-103.917  ,-164.124  ,4  ,3.11592e-01
14193  ,9.21571  ,-172.572  ,2  ,3.11581e-01
13166  ,159.518  ,-190.422  ,-19  ,3.11579e-01
12728  ,-131.042  ,-163.114  ,0  ,3.11578e-01
11022  ,-57.4985  ,-175.382  ,-26.8862  ,3.11568e-01
12342  ,-188.524  ,-166.016  ,-28.5  ,3.11568e-01
14508  ,-122.846  ,-163.114  ,2  ,3.11540e-01
12055  ,166.342  ,-188.456  ,-9.5  ,3.11537e-01
13244  ,131.236  ,-192.387  ,-38  ,3.11516e-01
13232  ,157.488  ,-192.387  ,-28.5  ,3.11507e-01
15528  ,148.75  ,-183.041  ,4  ,3.11444e-01
14350  ,-71.0275  ,-167.497  ,-1.11969  ,3.11433e-01
12537  ,112.179  ,-188.456  ,-28.5  ,3.11426e-01
9288  ,35  ,-173.583  ,4  ,3.11426e-01
11661  ,-7.65191  ,-171.561  ,0  ,3.11424e-01
12541  ,91.5729  ,-188.456  ,-36  ,3.11417e-01
12056  ,179.806  ,-188.456  ,-6.33333  ,3.11410e-01
13245  ,110.825  ,-190.422  ,-38  ,3.11389e-01
15812  ,-192.5  ,-157.45  ,2  ,3.11386e-01
13174  ,137.303  ,-190.422  ,-28.5  ,3.11379e-01
14129  ,120.807  ,-181.02  ,2  ,3.11320e-01
14519  ,-95.1671  ,-164.124  ,4  ,3.11307e-01
14192  ,17.799  ,-172.572  ,2  ,3.11301e-01
9980  ,143.595  ,-188.456  ,-19  ,3.11298e-01
12545  ,89.7383  ,-188.456  ,-38  ,3.11286e-01
14352  ,-65.5411  ,-167.497  ,-1.11969  ,3.11270e-01
12729  ,-122.071  ,-163.114  ,0  ,3.11264e-01
13162  ,168.268  ,-190.422  ,-19  ,3.11256e-01
15527  ,157.5  ,-183.333  ,4  ,3.11251e-01
14509  ,-113.869  ,-163.114  ,2  ,3.11228e-01
13614  ,192.49  ,-192.387  ,-19  ,3.11220e-01
12037  ,104.731  ,-180.009  ,0  ,3.11205e-01
13605  ,183.74  ,-192.387  ,-22.1667  ,3.11203e-01
9458  ,139.987  ,-192.387  ,-38  ,3.11194e-01
13229  ,166.238  ,-192.387  ,-28.5  ,3.11183e-01
9844  ,0.931421  ,-171.561  ,0  ,3.11149e-01
13610  ,190.483  ,-190.422  ,-12.6667  ,3.11140e-01
14186  ,43.75  ,-173.583  ,4  ,3.11124e-01
9062  ,-192.5  ,-157.4  ,0  ,3.11120e-01
13163  ,181.733  ,-190.422  ,-15.8333  ,3.11108e-01
12536  ,121.155  ,-188.456  ,-28.5  ,3.11098e-01
12059  ,188.476  ,-188.456  ,-6.33333  ,3.11088e-01
13241  ,119.576  ,-190.422  ,-38  ,3.11068e-01
13173  ,146.279  ,-190.422  ,-28.5  ,3.11050e-01
14524  ,-86.5837  ,-164.124  ,4  ,3.11039e-01
15810  ,-183.75  ,-156.667  ,4  ,3.11018e-01
14342  ,-94.005  ,-164.124  ,2  ,3.11016e-01
14182  ,26.549  ,-172.572  ,2  ,3.11011e-01
14130  ,129.477  ,-181.02  ,2  ,3.11008e-01
11251  ,152.572  ,-188.456  ,-19  ,3.10969e-01
9612  ,98.7144  ,-188.456  ,-38  ,3.10955e-01
12730  ,-113.095  ,-163.114  ,0  ,3.10951e-01
14515  ,-105.286  ,-163.114  ,2  ,3.10935e-01
15535  ,166.25  ,-183.333  ,4  ,3.10931e-01
11288  ,-66.5686  ,-174.995  ,-34  ,3.10929e-01
12335  ,-77.3118  ,-166.486  ,-3.11969  ,3.10922e-01
12029  ,84.4314  ,-180.009  ,-8.5  ,3.10921e-01
12043  ,113.402  ,-180.009  ,0  ,3.10892e-01
13239  ,148.737  ,-192.387  ,-38  ,3.10873e-01
11660  ,9.51475  ,-171.561  ,0  ,3.10872e-01
13228  ,174.989  ,-192.387  ,-28.5  ,3.10859e-01
9290  ,52.5  ,-173.583  ,4  ,3.10816e-01
10206  ,-65.9168  ,-170.443  ,-16.0305  ,3.10813e-01
11265  ,65.4799  ,-182.085  ,-23.8756  ,3.10810e-01
13002  ,-192.538  ,-166.147  ,-38  ,3.10803e-01
14525  ,-77.8337  ,-164.124  ,4  ,3.10782e-01
11257  ,77.7057  ,-181.639  ,-18.2199  ,3.10775e-01
12534  ,130.131  ,-188.456  ,-28.5  ,3.10770e-01
13240  ,128.552  ,-190.422  ,-38  ,3.10739e-01
13169  ,155.03  ,-190.422  ,-28.5  ,3.10729e-01
12879  ,-190.531  ,-163.952  ,-28.5  ,3.10723e-01
14181  ,35.1324  ,-172.572  ,2  ,3.10722e-01
14119  ,138.227  ,-181.02  ,2  ,3.10692e-01
12732  ,-104.124  ,-163.114  ,0  ,3.10645e-01
9981  ,161.548  ,-188.456  ,-19  ,3.10640e-01
12542  ,107.691  ,-188.456  ,-38  ,3.10626e-01
15534  ,175  ,-183.333  ,4  ,3.10609e-01
9922  ,-188.524  ,-161.528  ,-19  ,3.10606e-01
9847  ,18.0981  ,-171.561  ,0  ,3.10592e-01
12042  ,122.378  ,-180.009  ,0  ,3.10569e-01
9459  ,157.488  ,-192.387  ,-38  ,3.10551e-01
9393  ,192.49  ,-192.387  ,-25.3333  ,3.10540e-01
14529  ,-69.2504  ,-164.124  ,4  ,3.10530e-01
